<?xml version="1.0" encoding="UTF-8" standalone="yes"?>
<addon id="plugin.video.KinoPoisk.ru"
       name="KinoPoisk"
       version="1.5.6"
       provider-name="TDW">
  <requires>
    <import addon="xbmc.python" version="2.1.0"/>
    <import addon="script.module.torrent.ts"/>
  </requires>
  <extension point="xbmc.python.pluginsource"
            library="default.py">
        <provides>video</provides>
  </extension>
  <extension point="xbmc.addon.metadata">
    <summary>KinoPoisk.ru</summary>
    <description>Poisk torrentov</description>
    <platform>all</platform>
  </extension>
</addon>
