﻿<?xml version="1.0" encoding="UTF-8" standalone="yes"?>
<addon id="plugin.audio.asbook.ru"
       name="Аудиокниги asbook.ru"
       version="1.0.10"
       provider-name="Silen">
  <requires>
    <import addon="xbmc.python" version="2.1.0"/>
  </requires>
  <extension point="xbmc.python.pluginsource"
             provides="audio"
             library="default.py">
    <provides>audio</provides>
  </extension>
  <extension point="xbmc.addon.metadata">
    <summary>my-hit.ru</summary>
    <description>ASBOOK.RU - слушайте аудиокниги онлайн совершенно бесплатно.
</description>
    <platform>all</platform>
  </extension>
</addon>

