<?xml version="1.0" encoding="UTF-8"?>
<window>
    <allowoverlay>yes</allowoverlay>
    <background>0</background>
    <defaultcontrol always="true">50</defaultcontrol>
    <views>50,52,51</views>
    <controls>
        <include>GlobalBackground</include>
        <include>Furniture_Header</include>
        <include>Furniture_Clock</include>
        <!-- <include>Furniture_NowPlaying</include> -->
        <include>Furniture_Weather</include>
        <include>PVRView_50</include>
        <include>PVRView_51</include>
        <include>PVRView_52</include>
        <!-- <include>PVRSideBlade</include> -->
    </controls>
</window>
